e9de0eb6-e851-11ed-9d97-f19fd591c499.jpg,['21 BH 0001 AA']
0d170a19-ebd5-11ed-873e-cdb66538f86f.jpg,[]
8799b5ee-ebd6-11ed-b56f-cdb66538f86f.jpg,[]
adebbdf0-ebd9-11ed-8d7f-cdb66538f86f.jpg,[]
9262c6ce-ef56-11ed-8189-a3604e1805db.jpg,[]
c70057cd-ef58-11ed-bf33-a3604e1805db.jpg,[]
e69cedc9-ef5a-11ed-bcf0-a3604e1805db.jpg,[]
508714e6-ef5e-11ed-9592-a3604e1805db.jpg,[]
670ce163-2979-11ee-9f93-83611b09337b.jpg,[]
bb80c481-29f7-11ee-b3bb-83611b09337b.jpg,[]
23761831-29f8-11ee-9752-83611b09337b.jpg,[]
